title,record_type,plugin_id,description,schema_json,branch_code
Infertility Initial Workup Proforma,infertility_workup,fertility,Standard baseline fertility workup proforma for commissioning couples,"[{""label"": ""Primary or Secondary Infertility"", ""type"": ""select"", ""options"": [""Primary Infertility"", ""Secondary Infertility""]}, {"""label"": ""Duration of Infertility (Years)"", ""type"": ""number""}, {""label"": ""Menstrual Cycle Regularity"", ""type"": ""text""}, {""label"": ""Coital Frequency & Dyspareunia"", ""type"": ""text""}, {""label"": ""Previous Treatments & Surgeries"", ""type"": ""textarea""}, {""label"": ""AMH Level (ng/mL)"", ""type"": ""number""}, {""label"": ""Semen Analysis Summary"", ""type"": ""textarea""}]",MAIN
Pelvic Ultrasound / Follicular Study,follicular_study,fertility,Transvaginal sonography scan recording follicular development and endometrial dynamics,"[{""label"": ""Endometrial Thickness (mm)"", ""type"": ""number""}, {""label"": ""Endometrial Pattern"", ""type"": ""select"", ""options"": [""Triple Line (Trilaminar)"", ""Homogeneous"", ""Hyperechoic""]}, {""label"": ""Right Ovary Antral Follicle Count (AFC)"", ""type"": ""number""}, {""label"": ""Left Ovary Antral Follicle Count (AFC)"", ""type"": ""number""}, {""label"": ""Dominant Follicle Diameter (mm)"", ""type"": ""number""}, {""label"": ""Free Fluid in Pouch of Douglas"", ""type"": ""select"", ""options"": [""Absent"", ""Minimal"", ""Significant""]}]",MAIN
OPD Gynaecology Routine Examination,gyn_routine,opd,Comprehensive outpatient clinical consultation and physical assessment,"[{""label"": ""Chief Complaints & Onset"", ""type"": ""textarea""}, {""label"": ""Per Abdomen Findings"", ""type"": ""text""}, {""label"": ""Per Speculum Findings"", ""type"": ""text""}, {""label"": ""Bimanual Examination Findings"", ""type"": ""text""}, {""label"": ""Provisional Diagnosis"", ""type"": ""text""}]",MAIN
PCOS Initial Evaluation & Management Bundle,os_pcos_initial,opd_order_set,Comprehensive PCOS diagnosis panel with insulin sensitizers and lifestyle guidance,"{""category"": ""Fertility / IVF"", ""investigations"": [""Pelvic Ultrasound TVS (PCOD morphology)"", ""Serum AMH"", ""Fasting Blood Sugar & Fasting Insulin"", ""Serum Total & Free Testosterone"", ""Lipid Profile"", ""Serum TSH & Prolactin""], ""medications"": [{""drug_name"": ""Tab Gluformin 500 SR (Metformin)"", ""dose"": ""500mg"", ""frequency"": ""OD"", ""duration"": ""30 days"", ""instructions"": ""Take after dinner""}, {""drug_name"": ""Tab Fertisure F"", ""dose"": ""1 tab"", ""frequency"": ""OD"", ""duration"": ""60 days"", ""instructions"": ""Take after lunch with water""}, {""drug_name"": ""Tab Folvite 5mg (Folic Acid)"", ""dose"": ""5mg"", ""frequency"": ""OD"", ""duration"": ""30 days"", ""instructions"": ""Morning after breakfast""}], ""instructions"": ""Low glycemic index diet, daily 45 minutes brisk walking, avoid refined carbohydrates and sweet beverages. Review in OPD with USG and fasting insulin reports in 3 weeks.""}",MAIN
Antenatal First Trimester Booking Bundle,os_anc_first_trim,opd_order_set,Routine 1st trimester antenatal investigations and embryotrophic support,"{""category"": ""Obstetrics & Gynecology"", ""investigations"": [""Early Pregnancy Dating Scan (USG)"", ""Complete Blood Picture (CBP)"", ""Blood Grouping & Rh Typing"", ""Fasting Blood Sugar & HbA1c"", ""Serum TSH"", ""Viral Markers (HIV, HBsAg, HCV, VDRL)"", ""Urine Routine & Microscopy""], ""medications"": [{""drug_name"": ""Tab Folvite 5mg (Folic Acid)"", ""dose"": ""5mg"", ""frequency"": ""OD"", ""duration"": ""30 days"", ""instructions"": ""Morning after breakfast""}, {""drug_name"": ""Tab Duphaston 10mg (Dydrogesterone)"", ""dose"": ""10mg"", ""frequency"": ""BD"", ""duration"": ""14 days"", ""instructions"": ""Progesterone luteal support; take after food""}, {""drug_name"": ""Tab Doxylamine + Pyridoxine (Vit B6)"", ""dose"": ""10mg/10mg"", ""frequency"": ""HS"", ""duration"": ""10 days"", ""instructions"": ""For morning sickness/nausea SOS at night""}], ""instructions"": ""Adequate hydration (>3 L/day), small frequent meals, strictly avoid NSAIDs, report immediately if any vaginal bleeding or severe lower abdomen cramping.""}",MAIN
Unexplained Infertility Couple Diagnostic Panel,os_unexplained_inf,opd_order_set,"Standard couple evaluation bundle to rule out ovulatory, tubal, and male factors","{""category"": ""Fertility / IVF"", ""investigations"": [""Transvaginal Baseline Pelvic Scan (Day 2/3)"", ""Serum AMH (Anti-Mullerian Hormone)"", ""Day 2 Ovarian Reserve (FSH, LH, Estradiol)"", ""CASA Semen Analysis (WHO 6th Edition)"", ""Sperm DNA Fragmentation Index (DFI)"", ""Couple Viral Screening (HIV, HBsAg, HCV, VDRL)"", ""Tubal Patency Evaluation (HyCoSy / HSG)""], ""medications"": [{""drug_name"": ""Tab Folvite 5mg (Folic Acid)"", ""dose"": ""1 tab"", ""frequency"": ""OD"", ""duration"": ""30 days"", ""instructions"": ""Female partner - morning after food""}, {""drug_name"": ""Cap CoQ 100mg (Coenzyme Q10)"", ""dose"": ""1 cap"", ""frequency"": ""OD"", ""duration"": ""60 days"", ""instructions"": ""Male partner - afternoon after lunch""}], ""instructions"": ""Male partner 3-4 days sexual abstinence prior to semen testing. Schedule TVS baseline scan on Day 2 of next menstrual period.""}",MAIN
Recurrent Pregnancy Loss (RPL) Screening Bundle,os_rpl_screening,opd_order_set,Etiological workup for repeated early pregnancy loss,"{""category"": ""Obstetrics & Gynecology"", ""investigations"": [""Couple Karyotyping (G-Banding)"", ""Antiphospholipid Antibodies (aPL - Lupus Anticoagulant, aCL IgG/IgM)"", ""Anti-Beta-2 Glycoprotein I Antibodies"", ""Diagnostic Hysteroscopy (Cavity evaluation)"", ""Serum TSH & Anti-TPO Antibodies"", ""Fasting Blood Sugar & HbA1c"", ""Thrombophilia Profile (Protein C, Protein S, Factor V Leiden)""], ""medications"": [{""drug_name"": ""Tab Ecosprin 75mg"", ""dose"": ""75mg"", ""frequency"": ""OD"", ""duration"": ""30 days"", ""instructions"": ""Take after lunch""}, {""drug_name"": ""Tab Folvite 5mg (Folic Acid)"", ""dose"": ""1 tab"", ""frequency"": ""OD"", ""duration"": ""30 days"", ""instructions"": ""Daily morning after breakfast""}], ""instructions"": ""Review with karyotyping and thrombophilia markers for therapeutic anticoagulation planning prior to next conception.""}",MAIN
Male Factor OATS Antioxidant Protocol,os_male_oats,opd_order_set,Medical management for oligo-astheno-teratozoospermia and elevated DFI,"{""category"": ""Fertility / IVF"", ""investigations"": [""Repeat Semen Analysis after 4 weeks"", ""Sperm DNA Fragmentation Index (DFI)"", ""Serum Total Testosterone"", ""Scrotal Color Doppler Ultrasound""], ""medications"": [{""drug_name"": ""Tab Nurokind LC"", ""dose"": ""1 tab"", ""frequency"": ""BD"", ""duration"": ""90 days"", ""instructions"": ""Take after breakfast and dinner""}, {""drug_name"": ""Cap CoQ 100mg (Coenzyme Q10)"", ""dose"": ""100mg"", ""frequency"": ""BD"", ""duration"": ""90 days"", ""instructions"": ""Take after lunch and dinner""}, {""drug_name"": ""Tab Evion LC (Levocarnitine + Vit E)"", ""dose"": ""1 tab"", ""frequency"": ""OD"", ""duration"": ""90 days"", ""instructions"": ""Take at night""}], ""instructions"": ""Avoid hot baths, saunas, and laptop on lap; strict cessation of smoking/alcohol; repeat CASA semen test in 90 days following spermatogenic cycle completion.""}",MAIN
Fertility Consultation Proforma (WHO/ART Complete Questionnaire),clinical_fertility_proforma,clinical_template,Comprehensive WHO & Indian ART Act compliant couple fertility consultation proforma,"{""complaint"": ""Fertility Consultation. Duration trying for pregnancy: ___ yrs (Primary / Secondary). Factor: Female / Male / Couple / Unexplained. Married in year: ____. Consanguinity: Non-Consanguineous / Consanguineous."", ""hopi"": ""[1. HISTORY]\n\u2022 Consultation Details:\n  - Referred By: ________\n  - Reason for Consultation: ____________________\n\u2022 Female Partner:\n  - Menstrual History: Periods every ___ days, Bleeding ___ days, LMP: ________\n  - Obstetric History: G__ P__ L__ A__ D__\n  - Past medical/surgical history: ____________________\n\u2022 Female Examination:\n  - BP: ___ mm Hg, BMI: ___\n  - P/A: Soft, non-tender\n  - P/S: Vulva/Vagina/Cervix healthy\n  - P/V: Uterus size/mobility, fornices clear\n\u2022 Male Partner:\n  - Semen Analysis: Volume __ ml, Count __ M/ml, Motility __%, Morphology __%"", ""diagnosis"": ""Primary / Secondary Infertility (Couple Workup)"", ""investigations"": ""Pelvic USG TVS, Serum AMH, Day 2 FSH/LH/E2, Semen Analysis (WHO 6th), Viral Markers"", ""plan"": ""1. Review baseline investigation reports\n2. Plan treatment protocol (IUI / IVF-ICSI)\n3. Mandatory pre-ART viral screening and statutory consents""}",MAIN
Ovulation Induction & Follicular Scan,clinical_follicular_scan,clinical_template,Follow-up for follicle tracking and stimulation cycle monitoring,"{""complaint"": ""Follow-up for follicle tracking / stimulation cycle."", ""hopi"": ""Patient on ovarian stimulation. Monitoring endometrial lining and dominant follicular response."", ""diagnosis"": ""Stimulated Ovulatory Cycle / Folliculometry"", ""investigations"": ""Serial Follicular Ultrasound (TVS)"", ""plan"": ""1. Continue ongoing stimulation protocol as directed\n2. Next follicular tracking scan scheduled on day after tomorrow\n3. Timed intercourse instructions explained""}",MAIN
PCOS Metabolic & Lifestyle Review,clinical_pcos_review,clinical_template,PCOS evaluation with insulin resistance and lifestyle guidance,"{""complaint"": ""Oligomenorrhea, weight gain, hirsutism."", ""hopi"": ""Irregular cycles with delayed periods. History of acne and difficulty managing weight."", ""diagnosis"": ""Polycystic Ovarian Syndrome (PCOS Phenotype)"", ""investigations"": ""Fasting Insulin, Fasting Glucose (HOMA-IR), Lipid Profile, Serum Total Testosterone, Pelvic USG"", ""plan"": ""1. Low glycemic index diet, regular aerobic exercise 45 mins/day\n2. Tab Myo-inositol + D-Chiro-Inositol 2g BD\n3. Tab Gluformin 500 SR (Metformin) OD post-dinner if insulin resistance confirmed\n4. Review after 6 weeks""}",MAIN
Antenatal Checkup (ANC) - 1st Trimester,clinical_anc_1st_tri,clinical_template,Confirmed pregnancy routine first trimester antenatal care,"{""complaint"": ""Confirmed pregnancy (Urine Pregnancy Test +ve). Routine first trimester antenatal care."", ""hopi"": ""Spontaneous / ART conception. Mild nausea, no spotting or abdominal cramps."", ""diagnosis"": ""Intrauterine Gestation - 1st Trimester (Antenatal Care)"", ""investigations"": ""Dating / Viability USG, Complete Blood Count, Blood Group & Rh, Thyroid Profile, HbA1c, Rubella IgG, Double Marker (11-13 weeks)"", ""plan"": ""1. Tab Folvite 5mg (Folic Acid) OD\n2. Tab Doxylamine + Pyridoxine SOS for morning sickness\n3. Avoid heavy lifting and long travel\n4. Viability scan report review""}",MAIN
General OPD / Medical Review,clinical_general_opd,clinical_template,General outpatient health checkup and symptom review,"{""complaint"": ""General health checkup / non-specific symptoms."", ""hopi"": ""Patient presenting for evaluation and supportive clinical care."", ""diagnosis"": ""General Clinical Review"", ""investigations"": ""Complete Blood Count (CBC), Urine Routine"", ""plan"": ""1. Symptomatic medical management\n2. Adequate hydration and balanced nutrition\n3. Follow up SOS or in 1 week""}",MAIN
Antagonist Protocol Daily Stimulation Rx,rx_antagonist_stim,rx_template,Standard daily stimulation prescription for antagonist IVF cycle,"{""category"": ""IVF Stimulation"", ""medications"": [{""drug_name"": ""Inj Recombinant FSH (Gonal-F / Follisurge) 225 IU"", ""dose"": ""225 IU"", ""frequency"": ""OD"", ""duration"": ""5 days"", ""instructions"": ""Subcutaneous injection daily at 8:00 PM (Days 2 to 6)""}, {""drug_name"": ""Inj HMG (Menopur) 75 IU"", ""dose"": ""75 IU"", ""frequency"": ""OD"", ""duration"": ""5 days"", ""instructions"": ""Subcutaneous / IM injection daily at 8:00 PM (From Day 6 onward)""}, {""drug_name"": ""Inj GnRH Antagonist (Cetrotide) 0.25mg"", ""dose"": ""0.25mg"", ""frequency"": ""OD"", ""duration"": ""5 days"", ""instructions"": ""Subcutaneous injection daily at 8:00 AM (From Day 6 until trigger)""}, {""drug_name"": ""Tab Folvite 5mg (Folic Acid)"", ""dose"": ""1 tab"", ""frequency"": ""OD"", ""duration"": ""30 days"", ""instructions"": ""Morning after breakfast""}], ""advice"": ""Report on Day 6 for TVS follicular tracking scan and Serum E2/P4 levels. Maintain adequate hydration (>2.5 L/day).""}",MAIN
PPOS Protocol Daily Rx,rx_ppos_stim,rx_template,Progestin primed ovarian stimulation for freeze-all cycles,"{""category"": ""IVF Stimulation"", ""medications"": [{""drug_name"": ""Inj Recombinant FSH (Follisurge) 225 IU"", ""dose"": ""225 IU"", ""frequency"": ""OD"", ""duration"": ""10 days"", ""instructions"": ""SC daily at 8:00 PM from Day 2 until trigger""}, {""drug_name"": ""Tab Meprate 10mg (Medroxyprogesterone Acetate)"", ""dose"": ""10mg"", ""frequency"": ""OD"", ""duration"": ""10 days"", ""instructions"": ""Oral once daily with meals starting Day 2 until trigger day""}, {""drug_name"": ""Tab Folvite 5mg (Folic Acid)"", ""dose"": ""1 tab"", ""frequency"": ""OD"", ""duration"": ""30 days"", ""instructions"": ""Morning after breakfast""}], ""advice"": ""Serial follicular scans starting Day 6. Freeze-all cycle planned; embryo transfer in subsequent HRT cycle.""}",MAIN
HRT-FET Preparation Protocol Rx,rx_hrt_fet,rx_template,Endometrial preparation prescription for frozen embryo transfer,"{""category"": ""FET Preparation"", ""medications"": [{""drug_name"": ""Tab Evatone 2mg (Estradiol Valerate)"", ""dose"": ""2mg"", ""frequency"": ""TDS"", ""duration"": ""14 days"", ""instructions"": ""Take after meals at 8 AM, 2 PM, 8 PM""}, {""drug_name"": ""Tab Ecosprin 75mg (Aspirin)"", ""dose"": ""75mg"", ""frequency"": ""OD"", ""duration"": ""30 days"", ""instructions"": ""Take after lunch""}, {""drug_name"": ""Cap Susten 400mg (Micronized Natural Progesterone)"", ""dose"": ""400mg"", ""frequency"": ""BD"", ""duration"": ""14 days"", ""instructions"": ""Vaginal insertion upon confirmed endometrial thickness >= 8mm (P0 date)""}, {""drug_name"": ""Tab Duphaston 10mg (Dydrogesterone)"", ""dose"": ""10mg"", ""frequency"": ""BD"", ""duration"": ""14 days"", ""instructions"": ""Oral luteal booster; take after food""}, {""drug_name"": ""Tab Folvite 5mg (Folic Acid)"", ""dose"": ""1 tab"", ""frequency"": ""OD"", ""duration"": ""30 days"", ""instructions"": ""Morning after breakfast""}], ""advice"": ""Report on Day 12 of estrogen for endometrial Doppler ultrasound. Initiate progesterone strictly as per P0 instructions.""}",MAIN
IUI / Timed Intercourse Ovulation Induction Rx,rx_iui_letrozole,rx_template,Ovulation induction prescription for IUI or timed intercourse,"{""category"": ""IUI / OI"", ""medications"": [{""drug_name"": ""Tab Letroz 2.5mg (Letrozole)"", ""dose"": ""2.5mg"", ""frequency"": ""BD"", ""duration"": ""5 days"", ""instructions"": ""Take from Cycle Day 2 to Day 6 after meals""}, {""drug_name"": ""Tab Fertyl 50mg (Clomiphene Citrate)"", ""dose"": ""50mg"", ""frequency"": ""OD"", ""duration"": ""5 days"", ""instructions"": ""Take from Cycle Day 2 to Day 6""}, {""drug_name"": ""Tab Fertisure F"", ""dose"": ""1 tab"", ""frequency"": ""OD"", ""duration"": ""30 days"", ""instructions"": ""Post-lunch with water""}, {""drug_name"": ""Tab Folvite 5mg (Folic Acid)"", ""dose"": ""1 tab"", ""frequency"": ""OD"", ""duration"": ""30 days"", ""instructions"": ""Daily morning after breakfast""}], ""advice"": ""Come for Day 9 / Day 10 TVS follicular scan. Trigger injection will be scheduled when lead follicle reaches >= 18mm.""}",MAIN
Agonist Downregulation Protocol (Long / Flare),rx_agonist_downreg,rx_template,Long agonist downregulation protocol with gonadotropins,"{""category"": ""IVF Stimulation"", ""medications"": [{""drug_name"": ""Inj Leuprolide Acetate (Lupride) 0.5mg"", ""dose"": ""0.5mg"", ""frequency"": ""OD"", ""duration"": ""14 days"", ""instructions"": ""SC daily from Day 21 of previous cycle until menses""}, {""drug_name"": ""Inj Recombinant FSH (Follisurge) 225 IU"", ""dose"": ""225 IU"", ""frequency"": ""OD"", ""duration"": ""10 days"", ""instructions"": ""SC daily after pituitary downregulation confirmed (Lupride reduced to 0.25mg)""}, {""drug_name"": ""Tab Folvite 5mg (Folic Acid)"", ""dose"": ""1 tab"", ""frequency"": ""OD"", ""duration"": ""30 days"", ""instructions"": ""Morning after breakfast""}], ""advice"": ""Baseline scan on Day 2 to confirm endometrial thinning (< 4mm) and absence of ovarian cysts before starting gonadotropins.""}",MAIN
Post-FET Comprehensive Luteal Phase Support,rx_post_fet_luteal,rx_template,Post embryo transfer luteal phase hormone and anticoagulation support,"{""category"": ""FET Luteal Support"", ""medications"": [{""drug_name"": ""Cap Susten 400mg (Micronized Natural Progesterone)"", ""dose"": ""400mg"", ""frequency"": ""BD"", ""duration"": ""15 days"", ""instructions"": ""Vaginal insertion twice daily (morning & bedtime)""}, {""drug_name"": ""Tab Duphaston 10mg (Dydrogesterone)"", ""dose"": ""1 tab"", ""frequency"": ""BD"", ""duration"": ""15 days"", ""instructions"": ""Oral twice daily after meals""}, {""drug_name"": ""Tab Evatone 2mg (Estradiol Valerate)"", ""dose"": ""2mg"", ""frequency"": ""BD"", ""duration"": ""15 days"", ""instructions"": ""Oral twice daily after meals""}, {""drug_name"": ""Inj Clexane 40mg (Enoxaparin Sodium)"", ""dose"": ""40mg"", ""frequency"": ""OD"", ""duration"": ""15 days"", ""instructions"": ""Subcutaneous injection once daily post-dinner""}, {""drug_name"": ""Tab Ecosprin 75mg (Aspirin)"", ""dose"": ""1 tab"", ""frequency"": ""OD"", ""duration"": ""15 days"", ""instructions"": ""Oral once daily after lunch""}, {""drug_name"": ""Tab Folvite 5mg (Folic Acid)"", ""dose"": ""1 tab"", ""frequency"": ""OD"", ""duration"": ""30 days"", ""instructions"": ""Oral once daily morning""}], ""advice"": ""Strict adherence to medications. Serum Beta-hCG blood test on Day 14 post-embryo transfer. Contact clinic immediately if vaginal bleeding occurs.""}",MAIN
OPU Post-Egg Retrieval Recovery & OHSS Prophylaxis,rx_opu_recovery,rx_template,Post-OPU daycare medications and OHSS prophylaxis,"{""category"": ""Post-OPU / Daycare"", ""medications"": [{""drug_name"": ""Tab Caberlin 0.5mg (Cabergoline)"", ""dose"": ""0.5mg"", ""frequency"": ""OD"", ""duration"": ""8 days"", ""instructions"": ""At bedtime for 8 days to prevent OHSS""}, {""drug_name"": ""Tab Augmentin 625 Duo"", ""dose"": ""1 tab"", ""frequency"": ""BD"", ""duration"": ""5 days"", ""instructions"": ""Twice daily after food for 5 days""}, {""drug_name"": ""Tab Dolo 650 (Paracetamol)"", ""dose"": ""1 tab"", ""frequency"": ""SOS"", ""duration"": ""3 days"", ""instructions"": ""As needed for lower abdominal cramping (max 3/day)""}, {""drug_name"": ""Tab Chymoral Forte"", ""dose"": ""1 tab"", ""frequency"": ""TDS"", ""duration"": ""5 days"", ""instructions"": ""Take 30 mins before meals for pelvic edema relief""}, {""drug_name"": ""Cap Pan-D"", ""dose"": ""1 cap"", ""frequency"": ""OD"", ""duration"": ""5 days"", ""instructions"": ""Morning before breakfast""}], ""advice"": ""High-protein diet (egg whites, paneer, protein shake) and electrolyte-rich fluids (coconut water, ORS) > 3L/day. Contact clinic if severe abdominal distension occurs.""}",MAIN
Male Subfertility & Spermatogenesis Booster,rx_male_antioxidant,rx_template,Spermatogenic antioxidant formula for oligo-asthenoteratozoospermia,"{""category"": ""Andrology / Male"", ""medications"": [{""drug_name"": ""Tab Nurokind LC (L-Carnitine + Mecobalamin + Folic Acid)"", ""dose"": ""1 tab"", ""frequency"": ""BD"", ""duration"": ""90 days"", ""instructions"": ""Twice daily after meals for 90 days""}, {""drug_name"": ""Cap CoQ 100mg (Coenzyme Q10)"", ""dose"": ""100mg"", ""frequency"": ""BD"", ""duration"": ""90 days"", ""instructions"": ""Twice daily after meals with water""}, {""drug_name"": ""Tab Evion LC (Levocarnitine + Vitamin E)"", ""dose"": ""1 tab"", ""frequency"": ""OD"", ""duration"": ""90 days"", ""instructions"": ""Once daily post-lunch""}, {""drug_name"": ""Tab Fertyl 25mg (Clomiphene Citrate)"", ""dose"": ""25mg"", ""frequency"": ""OD"", ""duration"": ""60 days"", ""instructions"": ""Alternate days on Mon/Wed/Fri for 60 days""}], ""advice"": ""Avoid tight clothing, hot tubs, and laptop on lap. Repeat Semen Analysis (WHO 6th Ed) with CASA after 90 days.""}",MAIN
PCOS Insulin Sensitization & Cycle Regularization,rx_pcos_metabolic,rx_template,PCOS management with insulin sensitizers and cycle regulation,"{""category"": ""PCOS & Ovulation"", ""medications"": [{""drug_name"": ""Tab Diane 35 (Cyproterone + Ethinylestradiol)"", ""dose"": ""1 tab"", ""frequency"": ""OD"", ""duration"": ""21 days"", ""instructions"": ""Take 1 tab daily starting Day 1 or 2 of menses for 21 days""}, {""drug_name"": ""Tab Gluformin 500 SR (Metformin)"", ""dose"": ""500mg"", ""frequency"": ""BD"", ""duration"": ""60 days"", ""instructions"": ""Take with meals to minimize gastrointestinal discomfort""}, {""drug_name"": ""Tab Fertisure F"", ""dose"": ""1 tab"", ""frequency"": ""OD"", ""duration"": ""60 days"", ""instructions"": ""Post-lunch with water for oocyte quality enhancement""}, {""drug_name"": ""Tab Folvite 5mg (Folic Acid)"", ""dose"": ""1 tab"", ""frequency"": ""OD"", ""duration"": ""60 days"", ""instructions"": ""Morning after breakfast""}], ""advice"": ""Low GI diet and 30-45 mins moderate exercise daily. Baseline lipid and HbA1c monitoring. Review after 2 months.""}",MAIN
Dysfunctional Uterine Bleeding (DUB) / Menorrhagia Control,rx_dub_menorrhagia,rx_template,Hemostatic and progestin therapy for heavy menstrual bleeding,"{""category"": ""Gynaecology / Bleeding"", ""medications"": [{""drug_name"": ""Tab Trapic MF (Tranexamic Acid 500mg + Mefenamic Acid 250mg)"", ""dose"": ""1 tab"", ""frequency"": ""TDS"", ""duration"": ""5 days"", ""instructions"": ""Take during heavy flow days with meals""}, {""drug_name"": ""Tab Regestrone 5mg (Norethisterone)"", ""dose"": ""5mg"", ""frequency"": ""TDS"", ""duration"": ""10 days"", ""instructions"": ""Take three times daily after food to arrest bleeding""}, {""drug_name"": ""Tab Livogen Z (Iron + Folic Acid + Zinc)"", ""dose"": ""1 tab"", ""frequency"": ""OD"", ""duration"": ""30 days"", ""instructions"": ""Take once daily after dinner to replenish iron reserves""}, {""drug_name"": ""Cap Pan-D"", ""dose"": ""1 cap"", ""frequency"": ""OD"", ""duration"": ""7 days"", ""instructions"": ""Morning empty stomach 30 mins before breakfast""}], ""advice"": ""Monitor sanitary pad counts. Report immediately if dizziness or heavy clots persist. Repeat hemogram after bleeding stops.""}",MAIN
General OPD / Acute Infection & Pain Relief,rx_general_opd,rx_template,Standard acute outpatient therapy for fever, pain, and bacterial infection,"{""category"": ""General OPD"", ""medications"": [{""drug_name"": ""Tab Augmentin 625 Duo (Amoxicillin + Clavulanic Acid)"", ""dose"": ""1 tab"", ""frequency"": ""BD"", ""duration"": ""5 days"", ""instructions"": ""Take after food""}, {""drug_name"": ""Tab Dolo 650 (Paracetamol 650mg)"", ""dose"": ""1 tab"", ""frequency"": ""TDS"", ""duration"": ""3 days"", ""instructions"": ""For fever / body ache""}, {""drug_name"": ""Cap Pan-D (Pantoprazole + Domperidone)"", ""dose"": ""1 cap"", ""frequency"": ""OD"", ""duration"": ""5 days"", ""instructions"": ""Morning 30 mins before food""}, {""drug_name"": ""Tab Levocet M (Levocetirizine 5mg + Montelukast 10mg)"", ""dose"": ""1 tab"", ""frequency"": ""OD"", ""duration"": ""5 days"", ""instructions"": ""At bedtime for allergy/cough/rhinitis""}, {""drug_name"": ""Tab Cip-Zox (Chlorzoxazone + Paracetamol)"", ""dose"": ""1 tab"", ""frequency"": ""BD"", ""duration"": ""3 days"", ""instructions"": ""For muscle spasm and severe body pain""}], ""advice"": ""Complete antibiotic course. Stay well hydrated. Review in OPD if symptoms persist after 3 days.""}",MAIN
Consultation,visit_consultation,appointment_visit_type,Initial couple fertility assessment or routine review,"{""badge"": ""Clinical Review"", ""color"": ""border-blue-200 bg-blue-50/60 text-blue-800"", ""desc"": ""Initial couple fertility assessment or routine review"", ""prepTip"": ""Both partners recommended for initial workup"", ""defaultNotes"": ""Initial fertility evaluation & history"", ""duration"": ""30m""}",MAIN
TVS Follicular Scan,visit_tvs_scan,appointment_visit_type,Cycle follicular monitoring & endometrial tracking,"{""badge"": ""Ultrasound"", ""color"": ""border-purple-200 bg-purple-50/60 text-purple-800"", ""desc"": ""Cycle follicular monitoring & endometrial tracking"", ""prepTip"": ""Empty bladder immediately before scan"", ""defaultNotes"": ""Follicular scan (Day of cycle tracking)"", ""duration"": ""15m""}",MAIN
OPU (Egg Retrieval),visit_opu,appointment_visit_type,Ovum pick-up procedure under IV sedation,"{""badge"": ""OT Daycare"", ""color"": ""border-rose-200 bg-rose-50/60 text-rose-800"", ""desc"": ""Ovum pick-up procedure under IV sedation"", ""prepTip"": ""Strict fasting 6h; check trigger timing (34-36h prior)"", ""defaultNotes"": ""OPU Ovum Pick Up procedure"", ""duration"": ""60m""}",MAIN
Embryo Transfer (FET/Fresh),visit_et,appointment_visit_type,Ultrasound-guided blastocyst/cleavage transfer,"{""badge"": ""OT Transfer"", ""color"": ""border-emerald-200 bg-emerald-50/60 text-emerald-800"", ""desc"": ""Ultrasound-guided blastocyst/cleavage transfer"", ""prepTip"": ""Full bladder required; drink 3 glasses water 45m prior"", ""defaultNotes"": ""Embryo transfer procedure"", ""duration"": ""30m""}",MAIN
Semen Analysis / Collection,visit_semen_analysis,appointment_visit_type,Diagnostic workup or sample for IUI/ICSI,"{""badge"": ""Andrology"", ""color"": ""border-cyan-200 bg-cyan-800 text-cyan-800"", ""desc"": ""Diagnostic workup or sample for IUI/ICSI"", ""prepTip"": ""Mandatory 2 to 5 days sexual abstinence required"", ""defaultNotes"": ""Semen sample collection & analysis"", ""duration"": ""30m""}",MAIN
IUI Insemination,visit_iui,appointment_visit_type,Intrauterine insemination with processed sample,"{""badge"": ""Procedure"", ""color"": ""border-amber-200 bg-amber-50/60 text-amber-800"", ""desc"": ""Intrauterine insemination with processed sample"", ""prepTip"": ""Sample prepared 1-2h prior in andrology lab"", ""defaultNotes"": ""IUI Insemination procedure"", ""duration"": ""20m""}",MAIN
