name,contact_phone,contact_email,gst_number,address,branch_code
Matrika Pharmacy Vendor,+91-7780612539,matrikafertilityhyd@gmail.com,36AAECM9876K1Z9,"Indravati Prime, Kondapur, Hyderabad, TS 500084",MAIN
Comed Chemicals,+91-80-23456789,supply@comedchem.in,29AAACC1234F1Z1,"Plot 12, Peenya Industrial Area, Bengaluru, KA 560058",MAIN
Serum Institute,+91-20-26993900,sales@seruminstitute.com,27AAACS1234H1Z5,"212/2 Hadapsar, Off Soli Poonawalla Road, Pune, MH 411028",MAIN
Torrent Pharma,+91-79-26599000,contact@torrentpharma.com,24AAACT1234K1Z2,"Torrent House, Off Ashram Road, Ahmedabad, GJ 380009",MAIN
Abbott India,+91-22-67978888,orders@abbott.in,27AAACA1234B1Z3,"Godrej BKC, Bandra Kurla Complex, Mumbai, MH 400051",MAIN
Sun Pharma,+91-22-43244324,orders@sunpharma.com,27AAACS4321A1Z9,"Sun House, Goregaon East, Mumbai, MH 400063",MAIN
Hetero Healthcare,+91-40-23704923,contact@heterohealthcare.com,36AAACH1234F1Z8,"7-2-A2 Hetero House, Sanathnagar, Hyderabad, TS 500018",MAIN
Ipca Laboratories,+91-22-62105000,sales@ipca.com,27AAACI1234D1Z7,"125 Kandivli Industrial Estate, Mumbai, MH 400067",MAIN
Micro Labs,+91-80-22370451,orders@microlabs.in,29AAACM1234R1Z6,"31 Race Course Road, Bengaluru, KA 560001",MAIN
Pfizer India,+91-22-66932000,orders@pfizer.com,27AAACP1234P1Z4,"The Capital, BKC, Bandra East, Mumbai, MH 400051",MAIN
Bayer Healthcare,+91-22-25311234,pharma.india@bayer.com,27AAACB1234L1Z1,"Bayer House, Central Avenue, Hiranandani Estate, Thane, MH 400607",MAIN
Zydus Healthcare,+91-79-48040000,orders@zyduslife.com,24AAACZ1234E1Z0,"Zydus Corporate Park, Sarkhej-Gandhinagar Highway, Ahmedabad, GJ 382481",MAIN
Macleods Pharma,+91-22-66762800,sales@macleodspharma.com,27AAACM4321K1Z5,"Atlanta Arcade, Marol Church Road, Andheri East, Mumbai, MH 400059",MAIN
Cipla Ltd,+91-22-24826000,contact@cipla.com,27AAACC4321N1Z3,"Cipla House, Peninsula Business Park, Ganpatrao Kadam Marg, Lower Parel, Mumbai, MH 400013",MAIN
Universal Nutriscience,+91-22-66258000,orders@universalnutriscience.com,27AAACU1234T1Z2,"Universal House, Andheri East, Mumbai, MH 400093",MAIN
Merck Healthcare Distribution,+91-80-34567890,supply@merckgroup.co.in,29AAACM5678K1Z2,"Merck Life Sciences, Electronic City, Bengaluru, KA 560100",MAIN
Ferring Pharmaceuticals India,+91-80-45678901,fertility.desk@ferring.in,29AAACF9012P1Z3,"Tower B, Commercial Complex, Whitefield, Bengaluru, KA 560066",MAIN
Kitazato IVF Supplies & Media,+91-80-56789012,india.ivf@kitazato-art.com,29AAACK3456R1Z4,"ART Media Division, Indiranagar, Bengaluru, KA 560038",MAIN
Zuellig Pharma India Pvt Ltd,+91-80-23456789,orders@zuelligpharma.in,29AAACZ1234F1Z1,"Plot 18, Peenya Industrial Area, Bengaluru, KA 560058",MAIN
